geoid,name,B19013001,"B19013001, Error"
04000US06,California,63783,188
16000US0600135,"Acalanes Ridge, CA",187604,87755
16000US0600156,"Acampo, CA",155385,48595
16000US0600212,"Acton, CA",91168,6304
16000US0600296,"Adelanto, CA",29647,3664
16000US0600310,"Adin, CA",55625,15484
16000US0600394,"Agoura Hills, CA",114313,7305
16000US0600450,"Agua Dulce, CA",104861,16653
16000US0600464,"Aguanga, CA",43750,20040
16000US0600478,"Ahwahnee, CA",64049,5622
16000US0600535,"Airport, CA",29868,10823
16000US0600562,"Alameda, CA",83048,2615
16000US0600618,"Alamo, CA",171767,14431
16000US0600674,"Albany, CA",85458,4077
16000US0600716,"Albion, CA",0,0
16000US0600786,"Alderpoint, CA",0,0
16000US0600884,"Alhambra, CA",53138,2660
16000US0600898,"Alhambra Valley, CA",156250,59494
16000US0600947,"Aliso Viejo, CA",103261,3288
16000US0600982,"Alleghany, CA",0,0
16000US0600996,"Allendale, CA",135161,18633
16000US0601010,"Allensworth, CA",29091,12602
16000US0601094,"Almanor, CA",0,0
16000US0601150,"Alondra Park, CA",57406,10738
16000US0601164,"Alpaugh, CA",38750,12922
16000US0601192,"Alpine, CA",79444,14671
16000US0601228,"Alpine Village, CA",68500,61294
16000US0601276,"Alta, CA",58438,13572
16000US0601290,"Altadena, CA",88236,4524
16000US0601360,"Alta Sierra, CA",64860,13563
16000US0601416,"Alto, CA",83417,57663
16000US0601444,"Alturas, CA",29839,8145
16000US0601458,"Alum Rock, CA",72079,5660
16000US0601514,"Amador City, CA",47813,28641
16000US0601640,"American Canyon, CA",83673,3075
16000US0601651,"Amesti, CA",54485,8477
16000US0602000,"Anaheim, CA",61826,1283
16000US0602028,"Anchor Bay, CA",62917,45980
16000US0602042,"Anderson, CA",35216,3711
16000US0602112,"Angels, CA",51858,15520
16000US0602168,"Angwin, CA",65656,6696
16000US0602210,"Antelope, CA",65861,3505
16000US0602252,"Antioch, CA",65530,2784
16000US0602294,"Anza, CA",29129,14118
16000US0602364,"Apple Valley, CA",47433,2707
16000US0602378,"Aptos, CA",81435,10893
16000US0602382,"Aptos Hills-Larkin Valley, CA",102885,14244
16000US0602420,"Arbuckle, CA",56824,10820
16000US0602462,"Arcadia, CA",83958,3531
16000US0602476,"Arcata, CA",31180,2894
16000US0602553,"Arden-Arcade, CA",46617,2054
16000US0602700,"Armona, CA",44038,9427
16000US0602770,"Arnold, CA",50592,11553
16000US0602812,"Aromas, CA",84609,32143
16000US0602868,"Arroyo Grande, CA",64261,6123
16000US0602896,"Artesia, CA",58651,8072
16000US0602910,"Artois, CA",42337,30718
16000US0602924,"Arvin, CA",36524,1501
16000US0602980,"Ashland, CA",47437,4099
16000US0603026,"Aspen Springs, CA",0,0
16000US0603064,"Atascadero, CA",69587,4045
16000US0603092,"Atherton, CA",250001,0
16000US0603162,"Atwater, CA",45800,4187
16000US0603190,"Auberry, CA",46705,14393
16000US0603204,"Auburn, CA",54227,5508
16000US0603205,"Auburn Lake Trails, CA",99543,11365
16000US0603209,"August, CA",31194,5480
16000US0603274,"Avalon, CA",62054,8755
16000US0603302,"Avenal, CA",35103,3926
16000US0603316,"Avery, CA",52404,37999
16000US0603330,"Avila Beach, CA",96646,27318
16000US0603344,"Avocado Heights, CA",71799,6261
16000US0603386,"Azusa, CA",56569,2894
16000US0603512,"Baker, CA",34231,10947
16000US0603526,"Bakersfield, CA",58669,1399
16000US0603666,"Baldwin Park, CA",53651,1647
16000US0603694,"Ballard, CA",109375,32716
16000US0603708,"Ballico, CA",31786,23082
16000US0603792,"Bangor, CA",51250,23924
16000US0603820,"Banning, CA",40627,2569
16000US0604030,"Barstow, CA",37085,4079
16000US0604198,"Bass Lake, CA",36292,16792
16000US0604415,"Bay Point, CA",47336,5308
16000US0604470,"Bayview, CA",79338,14744
16000US0604478,"Bayview, CA",37109,6237
16000US0604576,"Beale AFB, CA",38170,5853
16000US0604632,"Bear Creek, CA",33042,30584
16000US0604716,"Bear Valley, CA",0,0
16000US0604730,"Bear Valley, CA",44688,34803
16000US0604734,"Bear Valley Springs, CA",82528,11624
16000US0604758,"Beaumont, CA",68369,3112
16000US0604772,"Beckwourth, CA",68529,61024
16000US0604856,"Belden, CA",0,0
16000US0604870,"Bell, CA",38823,2170
16000US0604926,"Bella Vista, CA",51625,6323
16000US0604938,"Bell Canyon, CA",201875,35230
16000US0604982,"Bellflower, CA",50704,1721
16000US0604996,"Bell Gardens, CA",37183,1615
16000US0605108,"Belmont, CA",120169,6271
16000US0605164,"Belvedere, CA",178750,32627
16000US0605262,"Benbow, CA",45795,20546
16000US0605276,"Bend, CA",49375,8708
16000US0605290,"Benicia, CA",87011,5834
16000US0605332,"Ben Lomond, CA",68679,9704
16000US0605346,"Benton, CA",38333,27543
16000US0606000,"Berkeley, CA",70393,3036
16000US0606028,"Bermuda Dunes, CA",57569,6873
16000US0606070,"Berry Creek, CA",36912,6076
16000US0606150,"Bertsch-Oceanview, CA",32218,8127
16000US0606210,"Bethel Island, CA",35814,9573
16000US0606308,"Beverly Hills, CA",100630,6282
16000US0606336,"Bieber, CA",40417,31739
16000US0606406,"Big Bear City, CA",45684,4772
16000US0606434,"Big Bear Lake, CA",46655,6918
16000US0606475,"Big Bend, CA",16750,12372
16000US0606518,"Big Creek, CA",84306,11495
16000US0606560,"Biggs, CA",45833,13220
16000US0606567,"Big Lagoon, CA",64821,32999
16000US0606616,"Big Pine, CA",51188,9140
16000US0606635,"Big River, CA",29241,4001
16000US0606728,"Biola, CA",34911,16577
16000US0606798,"Bishop, CA",40182,8310
16000US0606928,"Blackhawk, CA",180515,29531
16000US0606935,"Blacklake, CA",71029,37984
16000US0606982,"Black Point-Green Point, CA",136111,26651
16000US0606994,"Blairsden, CA",0,0
16000US0607036,"Bloomfield, CA",81397,67497
16000US0607064,"Bloomington, CA",49205,2346
16000US0607162,"Blue Lake, CA",49737,15174
16000US0607172,"Bluewater, CA",40833,22960
16000US0607218,"Blythe, CA",40448,3532
16000US0607246,"Bodega, CA",0,0
16000US0607260,"Bodega Bay, CA",128625,78382
16000US0607274,"Bodfish, CA",26004,10464
16000US0607316,"Bolinas, CA",67300,31164
16000US0607372,"Bombay Beach, CA",14803,4290
16000US0607379,"Bonadelle Ranchos-Madera Ranchos, CA",78194,4123
16000US0607414,"Bonita, CA",90598,10875
16000US0607470,"Bonny Doon, CA",91394,8339
16000US0607498,"Bonsall, CA",78493,8292
16000US0607512,"Boonville, CA",36979,6959
16000US0607525,"Bootjack, CA",43750,14118
16000US0607568,"Boron, CA",29896,17029
16000US0607578,"Boronda, CA",33712,18100
16000US0607596,"Borrego Springs, CA",34046,16751
16000US0607624,"Bostonia, CA",41769,4294
16000US0607652,"Boulder Creek, CA",81731,10683
16000US0607694,"Boulevard, CA",0,0
16000US0607750,"Bowles, CA",0,0
16000US0607848,"Boyes Hot Springs, CA",67983,17984
16000US0607946,"Bradbury, CA",130625,43878
16000US0607974,"Bradley, CA",54375,44889
16000US0608058,"Brawley, CA",40745,4544
16000US0608100,"Brea, CA",85555,4219
16000US0608142,"Brentwood, CA",94130,4854
16000US0608172,"Bret Harte, CA",30089,7903
16000US0608240,"Bridgeport, CA",49776,36921
16000US0608310,"Brisbane, CA",91127,14873
16000US0608338,"Broadmoor, CA",99512,18175
16000US0608478,"Brookdale, CA",66436,32621
16000US0608530,"Brooktrails, CA",46636,13552
16000US0608680,"Buckhorn, CA",45357,14778
16000US0608716,"Buck Meadows, CA",0,0
16000US0608744,"Bucks Lake, CA",0,0
16000US0608758,"Buellton, CA",71932,20578
16000US0608786,"Buena Park, CA",70341,3357
16000US0608828,"Buena Vista, CA",59500,27438
16000US0608954,"Burbank, CA",67317,2731
16000US0608968,"Burbank, CA",67177,7995
16000US0609066,"Burlingame, CA",102443,10182
16000US0609122,"Burney, CA",33750,5570
16000US0609150,"Burnt Ranch, CA",55972,20172
16000US0609310,"Butte Creek Canyon, CA",87651,49422
16000US0609318,"Butte Meadows, CA",0,0
16000US0609324,"Butte Valley, CA",59432,44987
16000US0609332,"Buttonwillow, CA",34352,6091
16000US0609346,"Byron, CA",58125,25604
16000US0609353,"Bystrom, CA",31311,7874
16000US0609360,"Cabazon, CA",33890,5389
16000US0609598,"Calabasas, CA",111111,12311
16000US0609710,"Calexico, CA",34734,4463
16000US0609780,"California City, CA",48776,8232
16000US0609822,"California Hot Springs, CA",0,0
16000US0609834,"California Pines, CA",0,0
16000US0609864,"Calimesa, CA",46070,4432
16000US0609878,"Calipatria, CA",34800,7294
16000US0609892,"Calistoga, CA",60534,15885
16000US0609948,"Callender, CA",80240,7495
16000US0609990,"Calpella, CA",53250,22714
16000US0610004,"Calpine, CA",0,0
16000US0610032,"Calwa, CA",35000,26680
16000US0610042,"Camanche North Shore, CA",65565,24329
16000US0610044,"Camanche Village, CA",75463,11071
16000US0610046,"Camarillo, CA",88125,3830
16000US0610074,"Cambria, CA",59657,4961
16000US0610088,"Cambrian Park, CA",106037,17510
16000US0610256,"Cameron Park, CA",74564,4177
16000US0610270,"Camino, CA",74183,8820
16000US0610301,"Camino Tassajara, CA",175382,31563
16000US0610345,"Campbell, CA",103704,3512
16000US0610494,"Camp Nelson, CA",0,0
16000US0610508,"Campo, CA",54632,13954
16000US0610559,"Camp Pendleton North, CA",38789,8994
16000US0610561,"Camp Pendleton South, CA",42212,4964
16000US0610676,"Camptonville, CA",42500,24653
16000US0610732,"Canby, CA",42250,7130
16000US0610816,"Cantua Creek, CA",32368,7505
16000US0610914,"Canyondam, CA",0,0
16000US0610928,"Canyon Lake, CA",84015,7703
16000US0611040,"Capitola, CA",73935,4134
16000US0611166,"Caribou, CA",0,0
16000US0611194,"Carlsbad, CA",97145,4338
16000US0611250,"Carmel-by-the-Sea, CA",81607,18668
16000US0611324,"Carmel Valley Village, CA",90813,17586
16000US0611376,"Carmet, CA",0,0
16000US0611390,"Carmichael, CA",58300,2456
16000US0611418,"Carnelian Bay, CA",94375,44218
16000US0611446,"Carpinteria, CA",72901,12285
16000US0611481,"Carrick, CA",0,0
16000US0611530,"Carson, CA",73829,3039
16000US0611600,"Cartago, CA",0,0
16000US0611614,"Caruthers, CA",44649,7714
16000US0611656,"Casa Conejo, CA",96932,8987
16000US0611691,"Casa de Oro-Mount Helix, CA",81238,4922
16000US0611754,"Casmalia, CA",71607,16311
16000US0611768,"Caspar, CA",54766,23029
16000US0611782,"Cassel, CA",32600,23920
16000US0611796,"Castaic, CA",107200,4705
16000US0611915,"Castle Hill, CA",158125,95811
16000US0611964,"Castro Valley, CA",87204,5108
16000US0611978,"Castroville, CA",50949,5885
16000US0612048,"Cathedral City, CA",41696,1994
16000US0612062,"Catheys Valley, CA",57163,9682
16000US0612132,"Cayucos, CA",58365,6720
16000US0612146,"Cazadero, CA",41250,17957
16000US0612300,"Cedar Ridge, CA",55662,10301
16000US0612314,"Cedar Slope, CA",0,0
16000US0612328,"Cedarville, CA",31250,22641
16000US0612412,"Centerville, CA",53750,50947
16000US0612524,"Ceres, CA",49518,2535
16000US0612552,"Cerritos, CA",95373,4639
16000US0612594,"Chalfant, CA",67386,38118
16000US0612612,"Challenge-Brownsville, CA",53088,26307
16000US0612669,"Channel Islands Beach, CA",101007,25026
16000US0612734,"Charter Oak, CA",67375,9654
16000US0612818,"Cherokee, CA",0,0
16000US0612860,"Cherokee Strip, CA",51250,17846
16000US0612902,"Cherryland, CA",54719,4910
16000US0612916,"Cherry Valley, CA",49777,7550
16000US0612930,"Chester, CA",48924,5320
16000US0613014,"Chico, CA",43148,1774
16000US0613077,"Chilcoot-Vinton, CA",0,0
16000US0613157,"China Lake Acres, CA",38229,27295
16000US0613182,"Chinese Camp, CA",0,0
16000US0613210,"Chino, CA",72832,2107
16000US0613214,"Chino Hills, CA",97222,4426
16000US0613294,"Chowchilla, CA",35903,4119
16000US0613364,"Chualar, CA",54306,15300
16000US0613392,"Chula Vista, CA",66956,2157
16000US0613560,"Citrus, CA",63318,6648
16000US0613588,"Citrus Heights, CA",51715,1296
16000US0613756,"Claremont, CA",94005,8779
16000US0613784,"Clarksburg, CA",74435,30205
16000US0613854,"Clay, CA",67305,11896
16000US0613882,"Clayton, CA",136946,7024
16000US0613910,"Clear Creek, CA",0,0
16000US0613945,"Clearlake, CA",25426,1355
16000US0613966,"Clearlake Oaks, CA",29280,4718
16000US0613985,"Clearlake Riviera, CA",41731,20391
16000US0614008,"Cleone, CA",39444,13330
16000US0614106,"Clio, CA",0,0
16000US0614148,"Clipper Mills, CA",0,0
16000US0614190,"Cloverdale, CA",64144,7407
16000US0614218,"Clovis, CA",64640,2525
16000US0614232,"Clyde, CA",0,0
16000US0614260,"Coachella, CA",36124,2197
16000US0614274,"Coalinga, CA",51265,8882
16000US0614288,"Coarsegold, CA",37500,29888
16000US0614302,"Cobb, CA",80726,17089
16000US0614406,"Coffee Creek, CA",51250,13851
16000US0614442,"Cohasset, CA",60902,17475
16000US0614450,"Cold Springs, CA",57250,34783
16000US0614454,"Cold Springs, CA",39417,36952
16000US0614484,"Coleville, CA",0,0
16000US0614498,"Colfax, CA",44004,4513
16000US0614554,"College City, CA",73214,36470
16000US0614708,"Collierville, CA",49841,7017
16000US0614736,"Colma, CA",92589,22663
16000US0614764,"Coloma, CA",77424,31995
16000US0614890,"Colton, CA",43966,2928
16000US0614904,"Columbia, CA",43250,11465
16000US0614946,"Colusa, CA",48877,4066
16000US0614974,"Commerce, CA",42235,3596
16000US0615030,"Comptche, CA",0,0
16000US0615044,"Compton, CA",45406,1799
16000US0616000,"Concord, CA",71477,1893
16000US0616035,"Concow, CA",38393,6332
16000US0616090,"Contra Costa Centre, CA",92906,11711
16000US0616210,"Copperopolis, CA",65500,17011
16000US0616224,"Corcoran, CA",35531,3660
16000US0616322,"Corning, CA",31333,10241
16000US0616350,"Corona, CA",72309,1908
16000US0616378,"Coronado, CA",92413,4915
16000US0616420,"Coronita, CA",83875,20030
16000US0616434,"Corralitos, CA",115244,24299
16000US0616462,"Corte Madera, CA",125915,11134
16000US0616532,"Costa Mesa, CA",70438,2818
16000US0616560,"Cotati, CA",64754,9568
16000US0616580,"Coto de Caza, CA",165046,15076
16000US0616630,"Cottonwood, CA",38556,12018
16000US0616644,"Coulterville, CA",0,0
16000US0616651,"Country Club, CA",43964,3406
16000US0616714,"Courtland, CA",76528,58821
16000US0616728,"Covelo, CA",30380,6781
16000US0616742,"Covina, CA",65451,4503
16000US0616762,"Cowan, CA",0,0
16000US0617022,"Crescent City, CA",27569,3552
16000US0617050,"Crescent Mills, CA",0,0
16000US0617078,"Cressey, CA",53229,24753
16000US0617106,"Crest, CA",70150,16132
16000US0617162,"Crestline, CA",49986,10229
16000US0617232,"Creston, CA",0,0
16000US0617267,"C-Road, CA",80500,32059
16000US0617274,"Crockett, CA",78750,19137
16000US0617288,"Cromberg, CA",35417,21711
16000US0617372,"Crowley Lake, CA",76250,39289
16000US0617428,"Crows Landing, CA",26786,9358
16000US0617498,"Cudahy, CA",39058,1968
16000US0617568,"Culver City, CA",82000,5270
16000US0617610,"Cupertino, CA",147929,8389
16000US0617708,"Cutler, CA",29655,5407
16000US0617722,"Cutten, CA",44914,14837
16000US0617727,"Cuyama, CA",26346,1324
16000US0617750,"Cypress, CA",84469,3836
16000US0617918,"Daly City, CA",79346,3073
16000US0617946,"Dana Point, CA",83913,5079
16000US0617988,"Danville, CA",146603,8731
16000US0617995,"Daphnedale Park, CA",49083,23078
16000US0618030,"Darwin, CA",0,0
16000US0618086,"Davenport, CA",55000,23179
16000US0618100,"Davis, CA",57683,4938
16000US0618153,"Day Valley, CA",80227,20677
16000US0618324,"Deer Park, CA",69821,34989
16000US0618352,"Del Aire, CA",77170,12592
16000US0618394,"Delano, CA",36265,2596
16000US0618450,"Delft Colony, CA",0,0
16000US0618464,"Delhi, CA",48740,5261
16000US0618485,"Delleker, CA",30855,12491
16000US0618506,"Del Mar, CA",108556,20949
16000US0618590,"Del Monte Forest, CA",105208,32002
16000US0618674,"Del Rey, CA",25809,8670
16000US0618688,"Del Rey Oaks, CA",86806,14125
16000US0618695,"Del Rio, CA",122331,54253
16000US0618856,"Denair, CA",58431,9684
16000US0618926,"Derby Acres, CA",51875,28063
16000US0618940,"Descanso, CA",78750,21757
16000US0618982,"Desert Center, CA",57679,55212
16000US0618986,"Desert Edge, CA",25794,5152
16000US0618996,"Desert Hot Springs, CA",34059,2280
16000US0619022,"Desert Palms, CA",55052,9983
16000US0619024,"Desert Shores, CA",32733,18083
16000US0619052,"Desert View Highlands, CA",48750,15791
16000US0619150,"Diablo, CA",169211,117007
16000US0619155,"Diablo Grande, CA",100000,30703
16000US0619192,"Diamond Bar, CA",89845,5203
16000US0619220,"Diamond Springs, CA",57978,9522
16000US0619262,"Dillon Beach, CA",77857,76881
16000US0619318,"Dinuba, CA",38008,2669
16000US0619339,"Discovery Bay, CA",106367,8552
16000US0619402,"Dixon, CA",72383,5294
16000US0619406,"Dixon Lane-Meadow Creek, CA",48611,11540
16000US0619416,"Dobbins, CA",31397,21494
16000US0619440,"Dogtown, CA",75000,16795
16000US0619455,"Dollar Point, CA",69265,10184
16000US0619570,"Dorrington, CA",39464,31552
16000US0619584,"Dorris, CA",28963,1836
16000US0619612,"Dos Palos, CA",36509,5651
16000US0619654,"Dos Palos Y, CA",16656,1119
16000US0619724,"Douglas City, CA",34808,12854
16000US0619766,"Downey, CA",65332,3058
16000US0619794,"Downieville, CA",43125,38555
16000US0619878,"Doyle, CA",28393,20481
16000US0619976,"Drytown, CA",0,0
16000US0619990,"Duarte, CA",65571,6353
16000US0620018,"Dublin, CA",128403,3094
16000US0620032,"Ducor, CA",30288,7982
16000US0620228,"Dunnigan, CA",49700,8067
16000US0620242,"Dunsmuir, CA",32557,8317
16000US0620270,"Durham, CA",71856,17262
16000US0620284,"Dustin Acres, CA",58403,18746
16000US0620298,"Dutch Flat, CA",46750,19290
16000US0620424,"Eagleville, CA",70500,52699
16000US0620438,"Earlimart, CA",23561,3581
16000US0620598,"East Foothills, CA",144479,19168
16000US0620697,"East Hemet, CA",49831,3568
16000US0620802,"East Los Angeles, CA",41193,1153
16000US0620900,"East Nicolaus, CA",27083,23683
16000US0620907,"East Oakdale, CA",108292,14163
16000US0620928,"Easton, CA",54716,21458
16000US0620942,"East Orosi, CA",32313,8172
16000US0620956,"East Palo Alto, CA",55170,2969
16000US0620984,"East Pasadena, CA",90339,20767
16000US0621012,"East Porterville, CA",32715,3415
16000US0621026,"East Quincy, CA",46809,8771
16000US0621034,"East Rancho Dominguez, CA",45854,3556
16000US0621061,"East Richmond Heights, CA",70299,4998
16000US0621096,"East San Gabriel, CA",70339,7706
16000US0621138,"East Shore, CA",61000,29906
16000US0621188,"East Sonora, CA",39583,11070
16000US0621210,"East Tulare Villa, CA",52083,10800
16000US0621230,"Eastvale, CA",104940,6544
16000US0621292,"East Whittier, CA",69676,5413
16000US0621530,"Edgewood, CA",78333,68334
16000US0621558,"Edmundson Acres, CA",45000,25429
16000US0621565,"Edna, CA",68125,61536
16000US0621600,"Edwards AFB, CA",59706,12834
16000US0621712,"El Cajon, CA",46374,1797
16000US0621782,"El Centro, CA",41849,3852
16000US0621796,"El Cerrito, CA",92670,5030
16000US0621810,"El Cerrito, CA",67857,17103
16000US0621880,"El Dorado Hills, CA",125489,7125
16000US0621894,"Eldridge, CA",84861,36188
16000US0621936,"El Granada, CA",125896,20867
16000US0621964,"Elizabeth Lake, CA",54349,12089
16000US0622006,"Elk Creek, CA",39167,4434
16000US0622020,"Elk Grove, CA",83141,1927
16000US0622034,"Elkhorn, CA",103750,52317
16000US0622146,"Elmira, CA",60833,48611
16000US0622230,"El Monte, CA",40654,1127
16000US0622286,"El Nido, CA",31957,5349
16000US0622300,"El Paso de Robles (Paso Robles), CA",61682,3688
16000US0622328,"El Portal, CA",96696,21225
16000US0622360,"El Rancho, CA",0,0
16000US0622370,"El Rio, CA",62542,10352
16000US0622412,"El Segundo, CA",91623,6575
16000US0622454,"El Sobrante, CA",67175,5872
16000US0622457,"El Sobrante, CA",106219,8139
16000US0622510,"El Verano, CA",74870,19602
16000US0622524,"Elverta, CA",54744,10328
16000US0622587,"Emerald Lake Hills, CA",171522,22644
16000US0622594,"Emeryville, CA",74295,6542
16000US0622622,"Empire, CA",35519,8721
16000US0622678,"Encinitas, CA",100698,5669
16000US0622790,"Escalon, CA",65258,13278
16000US0622804,"Escondido, CA",54268,1939
16000US0622846,"Esparto, CA",61607,10743
16000US0622972,"Etna, CA",36548,6009
16000US0623000,"Eucalyptus Hills, CA",80819,15668
16000US0623042,"Eureka, CA",39063,2708
16000US0623126,"Exeter, CA",42590,4309
16000US0623150,"Fairbanks Ranch, CA",134250,65795
16000US0623168,"Fairfax, CA",99438,15495
16000US0623182,"Fairfield, CA",69396,2789
16000US0623210,"Fairmead, CA",31773,5242
16000US0623294,"Fair Oaks, CA",73718,3593
16000US0623350,"Fairview, CA",91071,13318
16000US0623462,"Fallbrook, CA",53106,3254
16000US0623532,"Fall River Mills, CA",0,0
16000US0623616,"Farmersville, CA",33689,3528
16000US0623630,"Farmington, CA",0,0
16000US0623812,"Fellows, CA",75417,51722
16000US0623826,"Felton, CA",95260,19016
16000US0623910,"Ferndale, CA",41042,7555
16000US0623973,"Fetters Hot Springs-Agua Caliente, CA",53107,14020
16000US0623980,"Fiddletown, CA",61827,39238
16000US0624008,"Fieldbrook, CA",61500,7195
16000US0624022,"Fields Landing, CA",0,0
16000US0624092,"Fillmore, CA",55512,7769
16000US0624134,"Firebaugh, CA",36181,10731
16000US0624218,"Fish Camp, CA",0,0
16000US0624477,"Florence-Graham, CA",34738,1553
16000US0624498,"Florin, CA",39231,1699
16000US0624526,"Floriston, CA",34297,24145
16000US0624568,"Flournoy, CA",39063,30369
16000US0624638,"Folsom, CA",102692,2756
16000US0624680,"Fontana, CA",65995,1656
16000US0624722,"Foothill Farms, CA",44871,3512
16000US0624750,"Forbestown, CA",0,0
16000US0624764,"Ford City, CA",32441,6292
16000US0624834,"Foresthill, CA",0,0
16000US0624897,"Forest Meadows, CA",62857,18733
16000US0624918,"Forest Ranch, CA",0,0
16000US0624960,"Forestville, CA",54803,8056
16000US0625030,"Fort Bidwell, CA",22262,2182
16000US0625058,"Fort Bragg, CA",37250,4939
16000US0625114,"Fort Irwin, CA",49279,5113
16000US0625128,"Fort Jones, CA",36339,12800
16000US0625296,"Fortuna, CA",44904,2169
16000US0625300,"Fort Washington, CA",0,0
16000US0625338,"Foster City, CA",129733,5312
16000US0625380,"Fountain Valley, CA",84763,4947
16000US0625436,"Fowler, CA",47572,8419
16000US0625488,"Franklin, CA",43741,5478
16000US0625506,"Franklin, CA",24323,6946
16000US0625534,"Frazier Park, CA",31171,5921
16000US0625576,"Freedom, CA",46650,12739
16000US0625590,"Freeport, CA",30966,2384
16000US0626000,"Fremont, CA",111613,2888
16000US0626028,"French Camp, CA",32383,7331
16000US0626056,"French Gulch, CA",32344,6701
16000US0626067,"French Valley, CA",96754,8270
16000US0627000,"Fresno, CA",41842,684
16000US0627014,"Friant, CA",0,0
16000US0627080,"Fruitdale, CA",77969,25699
16000US0627130,"Fruitridge Pocket, CA",24938,6159
16000US0627190,"Fuller Acres, CA",32763,3692
16000US0628000,"Fullerton, CA",67110,2129
16000US0628014,"Fulton, CA",0,0
16000US0628021,"Furnace Creek, CA",29279,4771
16000US0628112,"Galt, CA",63681,4046
16000US0628154,"Garberville, CA",28750,4649
16000US0628168,"Gardena, CA",50137,2538
16000US0628182,"Garden Acres, CA",40196,4442
16000US0628210,"Garden Farms, CA",0,0
16000US0629000,"Garden Grove, CA",60522,1288
16000US0629070,"Garey, CA",0,0
16000US0629112,"Garnet, CA",37227,2515
16000US0629154,"Gasquet, CA",33250,25024
16000US0629252,"Gazelle, CA",31389,7425
16000US0629350,"Georgetown, CA",42946,14092
16000US0629392,"Gerber, CA",31522,26501
16000US0629420,"Geyserville, CA",56250,8529
16000US0629504,"Gilroy, CA",84351,4918
16000US0630000,"Glendale, CA",56069,2286
16000US0630014,"Glendora, CA",78448,3997
16000US0630028,"Glen Ellen, CA",64301,39621
16000US0630282,"Golden Hills, CA",61361,6082
16000US0630339,"Gold Mountain, CA",0,0
16000US0630345,"Gold River, CA",108448,7281
16000US0630378,"Goleta, CA",81398,4285
16000US0630392,"Gonzales, CA",52940,6329
16000US0630410,"Good Hope, CA",41738,8324
16000US0630420,"Goodyears Bar, CA",0,0
16000US0630476,"Goshen, CA",39360,5121
16000US0630560,"Graeagle, CA",62232,20578
16000US0630658,"Grand Terrace, CA",64188,2850
16000US0630686,"Grangeville, CA",88571,68397
16000US0630693,"Granite Bay, CA",119701,7054
16000US0630703,"Granite Hills, CA",116146,20089
16000US0630714,"Graniteville, CA",0,0
16000US0630798,"Grass Valley, CA",35524,4064
16000US0630812,"Graton, CA",38300,22231
16000US0630882,"Grayson, CA",29787,17046
16000US0630900,"Greeley Hill, CA",57716,35365
16000US0630938,"Greenacres, CA",62043,10937
16000US0630944,"Green Acres, CA",49613,9569
16000US0630987,"Greenfield, CA",46206,6716
16000US0630994,"Greenfield, CA",46506,3581
16000US0631029,"Greenhorn, CA",50987,3223
16000US0631092,"Green Valley, CA",71875,13522
16000US0631099,"Green Valley, CA",66710,33615
16000US0631134,"Greenview, CA",0,0
16000US0631162,"Greenville, CA",30556,10524
16000US0631246,"Grenada, CA",29773,29014
16000US0631260,"Gridley, CA",39583,5794
16000US0631288,"Grimes, CA",41857,11351
16000US0631302,"Grizzly Flats, CA",44390,10666
16000US0631372,"Groveland, CA",20179,18652
16000US0631393,"Grover Beach, CA",58895,8034
16000US0631414,"Guadalupe, CA",41907,5864
16000US0631470,"Guerneville, CA",46912,11766
16000US0631540,"Guinda, CA",0,0
16000US0631568,"Gustine, CA",37770,7494
16000US0631596,"Hacienda Heights, CA",79265,3868
16000US0631708,"Half Moon Bay, CA",106211,6495
16000US0631883,"Hamilton Branch, CA",58529,8070
16000US0631890,"Hamilton City, CA",38125,8644
16000US0631960,"Hanford, CA",51231,3364
16000US0632030,"Happy Camp, CA",23667,8301
16000US0632044,"Harbison Canyon, CA",84181,8684
16000US0632156,"Hardwick, CA",0,0
16000US0632324,"Hartland, CA",0,0
16000US0632340,"Hartley, CA",89235,15131
16000US0632385,"Hasley Canyon, CA",107708,10177
16000US0632408,"Hat Creek, CA",43906,34244
16000US0632506,"Hawaiian Gardens, CA",36026,4889
16000US0632548,"Hawthorne, CA",45089,1581
16000US0632562,"Hayfork, CA",24844,11171
16000US0633000,"Hayward, CA",68138,1989
16000US0633056,"Healdsburg, CA",69709,5710
16000US0633084,"Heber, CA",42647,18390
16000US0633182,"Hemet, CA",35609,1584
16000US0633294,"Herald, CA",122361,47043
16000US0633308,"Hercules, CA",103044,4654
16000US0633336,"Herlong, CA",49250,3521
16000US0633364,"Hermosa Beach, CA",121345,11438
16000US0633434,"Hesperia, CA",46446,2092
16000US0633504,"Hickman, CA",49583,8648
16000US0633518,"Hidden Hills, CA",211250,69849
16000US0633532,"Hidden Meadows, CA",90536,17385
16000US0633549,"Hidden Valley Lake, CA",66411,9130
16000US0633574,"Highgrove, CA",45948,12654
16000US0633588,"Highland, CA",53504,6735
16000US0633633,"Highlands-Baywood Park, CA",162552,18993
16000US0633798,"Hillsborough, CA",216292,20559
16000US0633861,"Hilmar-Irwin, CA",54302,5656
16000US0633935,"Hiouchi, CA",95313,42572
16000US0634120,"Hollister, CA",71948,2774
16000US0634246,"Holtville, CA",28115,6662
16000US0634281,"Home Garden, CA",33125,8462
16000US0634302,"Home Gardens, CA",52438,8672
16000US0634316,"Homeland, CA",35906,3431
16000US0634392,"Homestead Valley, CA",30575,6535
16000US0634405,"Homewood Canyon, CA",0,0
16000US0634428,"Honcut, CA",0,0
16000US0634484,"Hood, CA",69375,19121
16000US0634652,"Hopland, CA",38409,15662
16000US0634694,"Hornbrook, CA",21736,3856
16000US0634708,"Hornitos, CA",0,0
16000US0634904,"Hughson, CA",54352,6404
16000US0634928,"Humboldt Hill, CA",55076,9638
16000US0636000,"Huntington Beach, CA",85312,1954
16000US0636056,"Huntington Park, CA",35629,1565
16000US0636084,"Huron, CA",25321,7859
16000US0636098,"Hyampom, CA",0,0
16000US0636126,"Hydesville, CA",63750,16372
16000US0636168,"Idlewild, CA",0,0
16000US0636203,"Idyllwild-Pine Cove, CA",57750,11349
16000US0636280,"Imperial, CA",85503,6484
16000US0636294,"Imperial Beach, CA",48010,1975
16000US0636350,"Independence, CA",58750,13940
16000US0636364,"Indian Falls, CA",0,0
16000US0636420,"Indianola, CA",41000,11359
16000US0636434,"Indian Wells, CA",96961,9687
16000US0636448,"Indio, CA",49551,2271
16000US0636452,"Indio Hills, CA",43114,17458
16000US0636490,"Industry, CA",71875,58274
16000US0636546,"Inglewood, CA",44377,1540
16000US0636613,"Interlaken, CA",63409,9590
16000US0636616,"Inverness, CA",57404,16393
16000US0636658,"Inyokern, CA",56821,35563
16000US0636672,"Ione, CA",57423,14422
16000US0636735,"Iron Horse, CA",71397,31083
16000US0636770,"Irvine, CA",93823,3108
16000US0636826,"Irwindale, CA",55000,8354
16000US0636868,"Isla Vista, CA",22304,3059
16000US0636882,"Isleton, CA",37663,10948
16000US0636910,"Ivanhoe, CA",31611,8519
16000US0636980,"Jackson, CA",42344,9342
16000US0637022,"Jacumba, CA",26038,1947
16000US0637106,"Jamestown, CA",36923,8578
16000US0637120,"Jamul, CA",110290,8576
16000US0637134,"Janesville, CA",72361,25751
16000US0637274,"Jenner, CA",0,0
16000US0637400,"Johannesburg, CA",0,0
16000US0637484,"Johnstonville, CA",71953,8213
16000US0637512,"Johnsville, CA",0,0
16000US0637554,"Joshua Tree, CA",34970,7367
16000US0637582,"Julian, CA",59760,13653
16000US0637596,"Junction City, CA",49830,11124
16000US0637624,"June Lake, CA",50298,23670
16000US0637692,"Jurupa Valley, CA",58849,3184
16000US0637904,"Keddie, CA",83750,14254
16000US0637918,"Keeler, CA",0,0
16000US0637946,"Keene, CA",55000,49293
16000US0638024,"Kelly Ridge, CA",40292,4503
16000US0638044,"Kelseyville, CA",33594,7703
16000US0638065,"Kennedy, CA",37674,11868
16000US0638076,"Kennedy Meadows, CA",0,0
16000US0638086,"Kensington, CA",140690,12034
16000US0638114,"Kentfield, CA",176736,19694
16000US0638156,"Kenwood, CA",79447,29470
16000US0638226,"Kerman, CA",42046,5309
16000US0638310,"Kernville, CA",55139,20624
16000US0638352,"Keswick, CA",0,0
16000US0638394,"Kettleman City, CA",51316,37496
16000US0638422,"Keyes, CA",46250,9558
16000US0638520,"King City, CA",38766,7137
16000US0638548,"Kings Beach, CA",45303,12867
16000US0638562,"Kingsburg, CA",61925,5118
16000US0638604,"Kingvale, CA",0,0
16000US0638646,"Kirkwood, CA",0,0
16000US0638702,"Klamath, CA",32625,5513
16000US0638772,"Knightsen, CA",95000,30102
16000US0638800,"Knights Landing, CA",39310,9050
16000US0639003,"La Ca̱ada Flintridge, CA",158438,11124
16000US0639045,"La Crescenta-Montrose, CA",90212,9007
16000US0639094,"Ladera, CA",250001,0
16000US0639108,"Ladera Heights, CA",90241,20388
16000US0639114,"Ladera Ranch, CA",142283,9623
16000US0639122,"Lafayette, CA",142977,11533
16000US0639178,"Laguna Beach, CA",100506,7236
16000US0639220,"Laguna Hills, CA",92690,6997
16000US0639248,"Laguna Niguel, CA",97894,6287
16000US0639259,"Laguna Woods, CA",39201,1668
16000US0639283,"Lagunitas-Forest Knolls, CA",85671,26698
16000US0639290,"La Habra, CA",65799,3306
16000US0639304,"La Habra Heights, CA",110329,24590
16000US0639318,"La Honda, CA",0,0
16000US0639411,"Lake Almanor Country Club, CA",67813,11980
16000US0639420,"Lake Almanor Peninsula, CA",66750,12347
16000US0639425,"Lake Almanor West, CA",0,0
16000US0639444,"Lake Arrowhead, CA",60926,9921
16000US0639460,"Lake California, CA",45265,12524
16000US0639472,"Lake City, CA",0,0
16000US0639483,"Lake Davis, CA",0,0
16000US0639484,"Lake Don Pedro, CA",53333,25651
16000US0639486,"Lake Elsinore, CA",63306,2933
16000US0639496,"Lake Forest, CA",92415,3346
16000US0639514,"Lakehead, CA",26667,17206
16000US0639556,"Lake Hughes, CA",0,0
16000US0639570,"Lake Isabella, CA",26369,5004
16000US0639598,"Lakeland Village, CA",39046,4560
16000US0639612,"Lake Los Angeles, CA",39387,5540
16000US0639645,"Lake Mathews, CA",69231,19767
16000US0639670,"Lake Nacimiento, CA",74804,6092
16000US0639690,"Lake of the Pines, CA",80096,9210
16000US0639696,"Lake of the Woods, CA",45333,35710
16000US0639710,"Lakeport, CA",37576,9689
16000US0639715,"Lake Riverside, CA",82589,31300
16000US0639724,"Lake San Marcos, CA",51793,7554
16000US0639735,"Lake Sherwood, CA",250001,0
16000US0639766,"Lakeside, CA",65256,6282
16000US0639836,"Lakeview, CA",42105,11105
16000US0639885,"Lake Wildwood, CA",63125,7756
16000US0639892,"Lakewood, CA",82175,2050
16000US0640004,"La Mesa, CA",56693,2256
16000US0640032,"La Mirada, CA",81956,4022
16000US0640088,"Lamont, CA",34421,5596
16000US0640116,"Lanare, CA",0,0
16000US0640130,"Lancaster, CA",47684,1728
16000US0640256,"La Palma, CA",83760,4510
16000US0640312,"La Porte, CA",0,0
16000US0640326,"La Presa, CA",60155,2847
16000US0640340,"La Puente, CA",57174,2530
16000US0640354,"La Quinta, CA",71338,3306
16000US0640410,"La Riviera, CA",56699,4147
16000US0640426,"Larkfield-Wikiup, CA",70040,10256
16000US0640438,"Larkspur, CA",91848,10127
16000US0640508,"La Selva Beach, CA",97833,18513
16000US0640526,"Las Flores, CA",122331,15842
16000US0640536,"Las Flores, CA",29018,3382
16000US0640592,"Las Lomas, CA",66693,8779
16000US0640704,"Lathrop, CA",65699,4239
16000US0640746,"Laton, CA",27721,9799
16000US0640830,"La Verne, CA",78385,4975
16000US0640872,"La Vina, CA",0,0
16000US0640886,"Lawndale, CA",51934,3904
16000US0640928,"Laytonville, CA",31439,7489
16000US0640956,"Lebec, CA",27000,20842
16000US0640998,"Lee Vining, CA",0,0
16000US0641026,"Leggett, CA",0,0
16000US0641040,"Le Grand, CA",41776,5650
16000US0641110,"Lemon Cove, CA",48333,20750
16000US0641124,"Lemon Grove, CA",58694,3452
16000US0641142,"Lemon Hill, CA",30253,2613
16000US0641152,"Lemoore, CA",50871,3238
16000US0641166,"Lemoore Station, CA",42750,5962
16000US0641180,"Lennox, CA",39177,3530
16000US0641194,"Lenwood, CA",37663,15144
16000US0641208,"Leona Valley, CA",83194,10399
16000US0641278,"Lewiston, CA",33684,7584
16000US0641282,"Lexington Hills, CA",146726,24735
16000US0641390,"Likely, CA",0,0
16000US0641474,"Lincoln, CA",76354,2440
16000US0641558,"Lincoln Village, CA",62031,12156
16000US0641572,"Linda, CA",37385,2749
16000US0641656,"Lindcove, CA",43500,34038
16000US0641670,"Linden, CA",85625,16197
16000US0641712,"Lindsay, CA",30317,4358
16000US0641740,"Linnell Camp, CA",20565,3801
16000US0641782,"Litchfield, CA",0,0
16000US0641789,"Little Grass Valley, CA",0,0
16000US0641866,"Little River, CA",0,0
16000US0641880,"Littlerock, CA",31919,10677
16000US0641922,"Live Oak, CA",67257,7000
16000US0641936,"Live Oak, CA",41919,6553
16000US0641992,"Livermore, CA",104223,3063
16000US0642006,"Livingston, CA",55226,5732
16000US0642104,"Lockeford, CA",49893,5986
16000US0642146,"Lockwood, CA",38269,25057
16000US0642202,"Lodi, CA",51139,1506
16000US0642230,"Lodoga, CA",37250,13201
16000US0642328,"Loleta, CA",38542,18254
16000US0642370,"Loma Linda, CA",51390,4245
16000US0642384,"Loma Mar, CA",0,0
16000US0642412,"Loma Rica, CA",68597,22859
16000US0642468,"Lomita, CA",61580,4950
16000US0642510,"Lompico, CA",71417,7998
16000US0642524,"Lompoc, CA",46728,2821
16000US0642566,"London, CA",26012,5037
16000US0642580,"Lone Pine, CA",35347,9707
16000US0642622,"Long Barn, CA",0,0
16000US0643000,"Long Beach, CA",55151,997
16000US0643126,"Lookout, CA",0,0
16000US0643140,"Loomis, CA",78099,19402
16000US0643224,"Los Alamitos, CA",80926,9665
16000US0643252,"Los Alamos, CA",59688,6272
16000US0643280,"Los Altos, CA",187656,14985
16000US0643294,"Los Altos Hills, CA",243701,19412
16000US0644000,"Los Angeles, CA",51538,236
16000US0644028,"Los Banos, CA",45751,2979
16000US0644042,"Los Berros, CA",61291,11808
16000US0644112,"Los Gatos, CA",127278,13123
16000US0644140,"Los Molinos, CA",34835,11341
16000US0644168,"Los Olivos, CA",95476,15785
16000US0644182,"Los Osos, CA",69056,4829
16000US0644242,"Los Ranchos, CA",117740,30987
16000US0644280,"Lost Hills, CA",30583,4407
16000US0644350,"Lower Lake, CA",30757,8714
16000US0644364,"Loyalton, CA",40161,7627
16000US0644378,"Loyola, CA",204726,18816
16000US0644399,"Lucas Valley-Marinwood, CA",119148,9890
16000US0644406,"Lucerne, CA",26273,7602
16000US0644420,"Lucerne Valley, CA",33456,9234
16000US0644574,"Lynwood, CA",43848,2514
16000US0644644,"Lytle Creek, CA",56875,19639
16000US0644672,"Mabie, CA",0,0
16000US0644700,"McArthur, CA",63630,21514
16000US0644760,"McClellan Park, CA",17708,10102
16000US0644770,"McClenney Tract, CA",0,0
16000US0644784,"McCloud, CA",38947,9116
16000US0644812,"Macdoel, CA",35294,29149
16000US0644826,"McFarland, CA",33687,3440
16000US0644830,"McGee Creek, CA",0,0
16000US0644910,"McKinleyville, CA",51727,3880
16000US0644924,"McKittrick, CA",43125,17100
16000US0645006,"McSwain, CA",104722,18995
16000US0645022,"Madera, CA",40034,2192
16000US0645050,"Madera Acres, CA",64141,7356
16000US0645064,"Madison, CA",57000,42300
16000US0645092,"Mad River, CA",35250,11089
16000US0645120,"Magalia, CA",44446,4239
16000US0645232,"Malaga, CA",42250,9979
16000US0645246,"Malibu, CA",116904,21229
16000US0645358,"Mammoth Lakes, CA",60899,7970
16000US0645386,"Manchester, CA",44821,14553
16000US0645400,"Manhattan Beach, CA",144868,9758
16000US0645414,"Manila, CA",33264,7214
16000US0645484,"Manteca, CA",64502,2959
16000US0645512,"Manton, CA",27431,8718
16000US0645680,"March ARB, CA",69559,9857
16000US0645736,"Maricopa, CA",33295,17342
16000US0645778,"Marina, CA",57135,4637
16000US0645806,"Marina del Rey, CA",100442,9266
16000US0645820,"Marin City, CA",40517,4728
16000US0645932,"Mariposa, CA",45534,6112
16000US0645988,"Markleeville, CA",0,0
16000US0646100,"Martell, CA",0,0
16000US0646114,"Martinez, CA",93874,5201
16000US0646170,"Marysville, CA",41679,8473
16000US0646223,"Matheny, CA",30776,3014
16000US0646226,"Mather, CA",75897,8540
16000US0646338,"Maxwell, CA",59125,12509
16000US0646400,"Mayfair, CA",46328,12241
16000US0646436,"Mayflower Village, CA",71914,10821
16000US0646492,"Maywood, CA",36696,2081
16000US0646520,"Meadowbrook, CA",46000,16002
16000US0646618,"Meadow Valley, CA",49926,19204
16000US0646632,"Meadow Vista, CA",81681,11737
16000US0646646,"Mead Valley, CA",40889,7408
16000US0646660,"Mecca, CA",26680,3171
16000US0646702,"Meiners Oaks, CA",74216,16229
16000US0646814,"Mendocino, CA",48899,23066
16000US0646828,"Mendota, CA",26094,2452
16000US0646842,"Menifee, CA",57598,2022
16000US0646870,"Menlo Park, CA",126045,7736
16000US0646884,"Mentone, CA",56183,4552
16000US0646898,"Merced, CA",39307,1699
16000US0646926,"Meridian, CA",48750,33810
16000US0647013,"Mesa, CA",89375,32464
16000US0647066,"Mesa Verde, CA",28696,4263
16000US0647086,"Mesa Vista, CA",63214,6305
16000US0647164,"Mettler, CA",38036,14129
16000US0647192,"Mexican Colony, CA",22639,16555
16000US0647332,"Middletown, CA",47976,30523
16000US0647374,"Midpines, CA",48477,26114
16000US0647430,"Midway City, CA",43019,7257
16000US0647472,"Milford, CA",0,0
16000US0647486,"Millbrae, CA",98533,5656
16000US0647710,"Mill Valley, CA",149336,10009
16000US0647724,"Millville, CA",61912,10173
16000US0647766,"Milpitas, CA",103623,3048
16000US0647794,"Mineral, CA",54625,8742
16000US0647822,"Minkler, CA",87679,54197
16000US0648046,"Mira Monte, CA",65174,16773
16000US0648060,"Miranda, CA",50625,34780
16000US0648147,"Mission Canyon, CA",137727,30580
16000US0648186,"Mission Hills, CA",85052,13904
16000US0648256,"Mission Viejo, CA",104886,3519
16000US0648298,"Mi-Wuk Village, CA",0,0
16000US0648354,"Modesto, CA",50996,1100
16000US0648448,"Mohawk Vista, CA",0,0
16000US0648452,"Mojave, CA",34280,7066
16000US0648480,"Mokelumne Hill, CA",59821,31318
16000US0648592,"Monmouth, CA",27375,7315
16000US0648602,"Mono City, CA",91938,57501
16000US0648641,"Mono Vista, CA",56503,11476
16000US0648648,"Monrovia, CA",67167,4199
16000US0648676,"Monson, CA",46250,10939
16000US0648690,"Montague, CA",41923,8717
16000US0648718,"Montalvin Manor, CA",65074,15604
16000US0648760,"Montara, CA",101410,39587
16000US0648788,"Montclair, CA",50374,3896
16000US0648816,"Montebello, CA",47518,2239
16000US0648844,"Montecito, CA",138872,17740
16000US0648872,"Monterey, CA",68511,5228
16000US0648914,"Monterey Park, CA",54008,3276
16000US0648916,"Monterey Park Tract, CA",0,0
16000US0648928,"Monte Rio, CA",39224,9584
16000US0648956,"Monte Sereno, CA",202321,25625
16000US0648998,"Montgomery Creek, CA",0,0
16000US0649045,"Monument Hills, CA",121635,49183
16000US0649138,"Moorpark, CA",100457,3213
16000US0649180,"Morada, CA",107500,58803
16000US0649187,"Moraga, CA",136336,16800
16000US0649270,"Moreno Valley, CA",56456,1510
16000US0649278,"Morgan Hill, CA",100900,4411
16000US0649348,"Morongo Valley, CA",35777,7402
16000US0649362,"Morro Bay, CA",53348,7664
16000US0649432,"Moskowite Corner, CA",53125,21597
16000US0649446,"Moss Beach, CA",93635,16411
16000US0649488,"Moss Landing, CA",0,0
16000US0649544,"Mountain Center, CA",0,0
16000US0649558,"Mountain Gate, CA",33542,11875
16000US0649582,"Mountain House, CA",117433,5711
16000US0649600,"Mountain Mesa, CA",29223,22083
16000US0649628,"Mountain Ranch, CA",35979,8529
16000US0649651,"Mountain View, CA",63630,15150
16000US0649670,"Mountain View, CA",109249,3285
16000US0649684,"Mountain View Acres, CA",41480,12519
16000US0649768,"Mount Hebron, CA",28170,14014
16000US0649796,"Mount Hermon, CA",75804,33588
16000US0649810,"Mount Laguna, CA",0,0
16000US0649852,"Mount Shasta, CA",34813,17246
16000US0649950,"Muir Beach, CA",122000,35103
16000US0650034,"Murphys, CA",43686,10050
16000US0650076,"Murrieta, CA",76149,1896
16000US0650132,"Muscoy, CA",36528,4974
16000US0650146,"Myers Flat, CA",0,0
16000US0650188,"Myrtletown, CA",62384,3122
16000US0650258,"Napa, CA",71087,1944
16000US0650398,"National City, CA",42178,1818
16000US0650734,"Needles, CA",34214,5203
16000US0650874,"Nevada City, CA",43770,11929
16000US0650916,"Newark, CA",91965,3594
16000US0651000,"Newcastle, CA",40313,19305
16000US0651028,"New Cuyama, CA",45417,17952
16000US0651042,"Newell, CA",27083,13791
16000US0651140,"Newman, CA",51455,10703
16000US0651168,"New Pine Creek, CA",0,0
16000US0651182,"Newport Beach, CA",115845,5431
16000US0651280,"Nicasio, CA",133750,91504
16000US0651294,"Nice, CA",33635,5410
16000US0651336,"Nicolaus, CA",86944,22714
16000US0651392,"Niland, CA",18553,3779
16000US0651470,"Nipinnawasee, CA",38971,29274
16000US0651476,"Nipomo, CA",70226,9857
16000US0651560,"Norco, CA",87067,6296
16000US0651574,"Nord, CA",0,0
16000US0651622,"Norris Canyon, CA",223542,89631
16000US0651637,"North Auburn, CA",51903,4785
16000US0651812,"North Edwards, CA",53299,12360
16000US0651820,"North El Monte, CA",67392,13596
16000US0651840,"North Fair Oaks, CA",66884,8146
16000US0651890,"North Gate, CA",98583,40550
16000US0651924,"North Highlands, CA",39334,2100
16000US0651990,"North Lakeport, CA",44856,8456
16000US0652162,"North Richmond, CA",40511,10919
16000US0652246,"North San Juan, CA",27500,23224
16000US0652302,"North Shore, CA",27981,15001
16000US0652379,"North Tustin, CA",134597,9376
16000US0652526,"Norwalk, CA",61050,1096
16000US0652582,"Novato, CA",83895,6597
16000US0652610,"Nubieber, CA",0,0
16000US0652624,"Nuevo, CA",61420,14516
16000US0652694,"Oakdale, CA",51654,4340
16000US0652715,"Oak Glen, CA",146827,80289
16000US0652760,"Oak Hills, CA",73938,22187
16000US0652764,"Oakhurst, CA",34577,11288
16000US0653000,"Oakland, CA",57778,1266
16000US0653070,"Oakley, CA",82584,3966
16000US0653116,"Oak Park, CA",121348,10263
16000US0653160,"Oak Shores, CA",85556,17295
16000US0653182,"Oak View, CA",71629,5511
16000US0653196,"Oakville, CA",0,0
16000US0653224,"Oasis, CA",22210,4115
16000US0653266,"Occidental, CA",63167,20225
16000US0653294,"Oceano, CA",52259,5785
16000US0653322,"Oceanside, CA",58949,1619
16000US0653378,"Ocotillo, CA",0,0
16000US0653448,"Oildale, CA",36866,2305
16000US0653476,"Ojai, CA",64618,8831
16000US0653490,"Olancha, CA",94145,12129
16000US0653505,"Old Fig Garden, CA",65694,4660
16000US0653602,"Old Station, CA",36791,1225
16000US0653714,"Olivehurst, CA",43781,3982
16000US0653896,"Ontario, CA",54896,1539
16000US0653910,"Onyx, CA",28438,16574
16000US0653980,"Orange, CA",79192,2083
16000US0654008,"Orange Cove, CA",27782,3024
16000US0654092,"Orangevale, CA",71893,5338
16000US0654120,"Orcutt, CA",75695,4547
16000US0654218,"Orick, CA",34375,12242
16000US0654232,"Orinda, CA",178704,23807
16000US0654274,"Orland, CA",39559,5283
16000US0654372,"Orosi, CA",33293,5946
16000US0654386,"Oroville, CA",35457,3723
16000US0654388,"Oroville East, CA",48453,4238
16000US0654652,"Oxnard, CA",61709,1408
16000US0654764,"Pacheco, CA",53107,8171
16000US0654806,"Pacifica, CA",103545,3243
16000US0654848,"Pacific Grove, CA",81304,6219
16000US0655044,"Pajaro, CA",39205,16262
16000US0655048,"Pajaro Dunes, CA",0,0
16000US0655086,"Palermo, CA",40813,5155
16000US0655156,"Palmdale, CA",52801,1973
16000US0655184,"Palm Desert, CA",53701,1833
16000US0655254,"Palm Springs, CA",46059,2217
16000US0655282,"Palo Alto, CA",137043,9303
16000US0655296,"Palo Cedro, CA",78450,8775
16000US0655380,"Palos Verdes Estates, CA",200766,30164
16000US0655422,"Palo Verde, CA",16667,13154
16000US0655506,"Panorama Heights, CA",40313,4586
16000US0655520,"Paradise, CA",47533,4540
16000US0655528,"Paradise, CA",62750,24664
16000US0655604,"Paradise Park, CA",63295,19920
16000US0655618,"Paramount, CA",46364,2284
16000US0655728,"Parklawn, CA",31302,8054
16000US0655751,"Parksdale, CA",32097,13844
16000US0655800,"Parkway, CA",34199,2174
16000US0655842,"Parkwood, CA",36827,10847
16000US0655856,"Parlier, CA",30556,2316
16000US0656000,"Pasadena, CA",73029,2092
16000US0656028,"Pasatiempo, CA",104842,79464
16000US0656042,"Paskenta, CA",38000,15242
16000US0656112,"Patterson, CA",54195,4693
16000US0656120,"Patterson Tract, CA",39006,13482
16000US0656140,"Patton Village, CA",45357,7434
16000US0656182,"Paxton, CA",0,0
16000US0656196,"Paynes Creek, CA",34554,2903
16000US0656294,"Pearsonville, CA",0,0
16000US0656476,"Penngrove, CA",74294,3413
16000US0656518,"Penn Valley, CA",40668,11671
16000US0656546,"Penryn, CA",80357,37503
16000US0656700,"Perris, CA",51315,1729
16000US0656756,"Pescadero, CA",58468,33508
16000US0656784,"Petaluma, CA",80907,3245
16000US0656798,"Peters, CA",123036,28319
16000US0656826,"Phelan, CA",52549,3025
16000US0656854,"Phillipsville, CA",2499,0
16000US0656868,"Philo, CA",16522,13996
16000US0656870,"Phoenix Lake, CA",75542,12611
16000US0656924,"Pico Rivera, CA",57203,3480
16000US0656938,"Piedmont, CA",202083,22079
16000US0657011,"Pierpoint, CA",0,0
16000US0657036,"Pike, CA",0,0
16000US0657070,"Pine Canyon, CA",65170,21671
16000US0657134,"Pine Flat, CA",26250,21689
16000US0657148,"Pine Grove, CA",48326,23843
16000US0657204,"Pine Hills, CA",51250,16031
16000US0657240,"Pine Mountain Club, CA",42108,15491
16000US0657244,"Pine Mountain Lake, CA",53900,6033
16000US0657260,"Pine Valley, CA",100259,39771
16000US0657288,"Pinole, CA",74124,4389
16000US0657302,"Pi̱on Hills, CA",47950,9850
16000US0657330,"Pioneer, CA",49219,19200
16000US0657372,"Piru, CA",48068,19355
16000US0657414,"Pismo Beach, CA",75978,9206
16000US0657456,"Pittsburg, CA",63950,2554
16000US0657512,"Pixley, CA",32845,7614
16000US0657526,"Placentia, CA",80668,3362
16000US0657540,"Placerville, CA",42793,7633
16000US0657568,"Plainview, CA",22083,12111
16000US0657582,"Planada, CA",39075,5175
16000US0657764,"Pleasant Hill, CA",93476,6740
16000US0657792,"Pleasanton, CA",130170,5193
16000US0657825,"Pleasure Point, CA",57981,9856
16000US0657828,"Plumas Eureka, CA",64000,26756
16000US0657829,"Plumas Lake, CA",85422,8867
16000US0657834,"Plymouth, CA",41750,14471
16000US0657876,"Point Arena, CA",28000,14545
16000US0657960,"Point Reyes Station, CA",31005,7593
16000US0658030,"Pollock Pines, CA",54043,6542
16000US0658072,"Pomona, CA",50360,1432
16000US0658134,"Ponderosa, CA",0,0
16000US0658191,"Poplar-Cotton Center, CA",21890,9467
16000US0658226,"Port Costa, CA",136375,64211
16000US0658240,"Porterville, CA",39763,2035
16000US0658296,"Port Hueneme, CA",59592,5050
16000US0658352,"Portola, CA",29741,11265
16000US0658380,"Portola Valley, CA",232981,73671
16000US0658422,"Posey, CA",0,0
16000US0658436,"Poso Park, CA",0,0
16000US0658478,"Potrero, CA",0,0
16000US0658506,"Potter Valley, CA",64750,43896
16000US0658520,"Poway, CA",98859,5224
16000US0658618,"Prattville, CA",0,0
16000US0658758,"Princeton, CA",46477,11523
16000US0658814,"Proberta, CA",0,0
16000US0658870,"Prunedale, CA",75727,4567
16000US0659052,"Quartz Hill, CA",56063,8152
16000US0659080,"Quincy, CA",50704,10955
16000US0659115,"Rackerby, CA",0,0
16000US0659220,"Rail Road Flat, CA",28264,14379
16000US0659248,"Rainbow, CA",65486,10290
16000US0659290,"Raisin City, CA",0,0
16000US0659346,"Ramona, CA",66523,6152
16000US0659426,"Rancho Calaveras, CA",54522,11455
16000US0659444,"Rancho Cordova, CA",53360,2341
16000US0659451,"Rancho Cucamonga, CA",79973,2421
16000US0659500,"Rancho Mirage, CA",66083,9011
16000US0659506,"Rancho Murieta, CA",94681,10153
16000US0659514,"Rancho Palos Verdes, CA",120668,5750
16000US0659550,"Rancho San Diego, CA",80628,4532
16000US0659584,"Rancho Santa Fe, CA",106215,24346
16000US0659587,"Rancho Santa Margarita, CA",104556,3020
16000US0659604,"Rancho Tehama Reserve, CA",28722,9450
16000US0659668,"Randsburg, CA",26314,16082
16000US0659892,"Red Bluff, CA",30311,3150
16000US0659896,"Red Corral, CA",78790,44075
16000US0659906,"Redcrest, CA",21458,7224
16000US0659920,"Redding, CA",44573,1418
16000US0659962,"Redlands, CA",66514,3434
16000US0660018,"Redondo Beach, CA",103782,4631
16000US0660088,"Redway, CA",38750,27754
16000US0660102,"Redwood City, CA",90461,3822
16000US0660214,"Redwood Valley, CA",78819,8233
16000US0660242,"Reedley, CA",43907,3762
16000US0660279,"Reliez Valley, CA",172083,38737
16000US0660466,"Rialto, CA",52347,1359
16000US0660592,"Richfield, CA",55417,26912
16000US0660606,"Richgrove, CA",30116,3006
16000US0660620,"Richmond, CA",57107,2015
16000US0660662,"Richvale, CA",79167,40103
16000US0660704,"Ridgecrest, CA",59780,5419
16000US0660706,"Ridgemark, CA",112663,14201
16000US0660900,"Rio Dell, CA",39981,8686
16000US0660928,"Rio del Mar, CA",97874,7082
16000US0660942,"Rio Linda, CA",54991,3126
16000US0660970,"Rio Oso, CA",70208,16566
16000US0660984,"Rio Vista, CA",59050,12052
16000US0661012,"Ripley, CA",0,0
16000US0661026,"Ripon, CA",79354,7640
16000US0661068,"Riverbank, CA",61870,2351
16000US0661096,"Riverdale, CA",49100,8143
16000US0661106,"Riverdale Park, CA",27188,23752
16000US0661124,"River Pines, CA",49569,23315
16000US0662000,"Riverside, CA",58979,1452
16000US0662168,"Robbins, CA",28264,16983
16000US0662200,"Robinson Mill, CA",0,0
16000US0662364,"Rocklin, CA",84121,3276
16000US0662490,"Rodeo, CA",70227,11886
16000US0662496,"Rodriguez Camp, CA",0,0
16000US0662546,"Rohnert Park, CA",60333,3065
16000US0662602,"Rolling Hills, CA",220764,13152
16000US0662625,"Rolling Hills, CA",103026,29067
16000US0662644,"Rolling Hills Estates, CA",129728,22606
16000US0662700,"Rollingwood, CA",49035,9714
16000US0662756,"Romoland, CA",39123,27371
16000US0662826,"Rosamond, CA",61616,7457
16000US0662854,"Rosedale, CA",115841,14939
16000US0662860,"Rose Hills, CA",117875,29768
16000US0662868,"Roseland, CA",54296,5066
16000US0662896,"Rosemead, CA",45510,2698
16000US0662910,"Rosemont, CA",58153,2705
16000US0662938,"Roseville, CA",78446,2305
16000US0662980,"Ross, CA",199107,46674
16000US0663050,"Rossmoor, CA",114457,9931
16000US0663106,"Rough and Ready, CA",40821,37406
16000US0663134,"Round Mountain, CA",43438,34004
16000US0663148,"Round Valley, CA",54375,12936
16000US0663168,"Rouse, CA",33292,10607
16000US0663218,"Rowland Heights, CA",62348,2978
16000US0663316,"Running Springs, CA",62344,17669
16000US0663386,"Ruth, CA",12917,4966
16000US0663400,"Rutherford, CA",51635,35607
16000US0664000,"Sacramento, CA",52071,815
16000US0664140,"St. Helena, CA",85505,6422
16000US0664210,"Salida, CA",71632,6014
16000US0664224,"Salinas, CA",52338,1888
16000US0664252,"Salmon Creek, CA",0,0
16000US0664294,"Salton City, CA",36274,9624
16000US0664308,"Salton Sea Beach, CA",0,0
16000US0664392,"Samoa, CA",39500,17152
16000US0664420,"San Andreas, CA",41941,6544
16000US0664434,"San Anselmo, CA",107818,8554
16000US0664462,"San Antonio Heights, CA",88125,10701
16000US0664476,"San Ardo, CA",43281,13646
16000US0665000,"San Bernardino, CA",38456,1094
16000US0665028,"San Bruno, CA",89000,2454
16000US0665042,"San Buenaventura (Ventura), CA",70541,2962
16000US0665070,"San Carlos, CA",135220,6427
16000US0665084,"San Clemente, CA",97210,7038
16000US0665112,"Sand City, CA",45000,25934
16000US0666000,"San Diego, CA",68117,745
16000US0666004,"San Diego Country Estates, CA",103920,4577
16000US0666070,"San Dimas, CA",79081,4746
16000US0666140,"San Fernando, CA",55734,3486
16000US0667000,"San Francisco, CA",87701,1447
16000US0667042,"San Gabriel, CA",54015,3323
16000US0667056,"Sanger, CA",42771,4178
16000US0667070,"San Geronimo, CA",90556,24420
16000US0667112,"San Jacinto, CA",48382,2506
16000US0667126,"San Joaquin, CA",24234,4224
16000US0668000,"San Jose, CA",90303,1126
16000US0668014,"San Juan Bautista, CA",59643,8155
16000US0668028,"San Juan Capistrano, CA",79393,3643
16000US0668084,"San Leandro, CA",64065,2315
16000US0668112,"San Lorenzo, CA",83288,4048
16000US0668140,"San Lucas, CA",46250,16865
16000US0668154,"San Luis Obispo, CA",47777,3194
16000US0668196,"San Marcos, CA",63960,3000
16000US0668224,"San Marino, CA",139792,14947
16000US0668238,"San Martin, CA",108611,16008
16000US0668252,"San Mateo, CA",95667,3328
16000US0668263,"San Miguel, CA",156591,23666
16000US0668266,"San Miguel, CA",49464,9971
16000US0668294,"San Pablo, CA",45503,2584
16000US0668308,"San Pasqual, CA",84125,9631
16000US0668364,"San Rafael, CA",81360,2787
16000US0668378,"San Ramon, CA",134188,4960
16000US0668434,"San Simeon, CA",78036,66789
16000US0669000,"Santa Ana, CA",54062,1040
16000US0669070,"Santa Barbara, CA",66916,3298
16000US0669084,"Santa Clara, CA",102533,3134
16000US0669088,"Santa Clarita, CA",85042,2146
16000US0669112,"Santa Cruz, CA",62471,3636
16000US0669154,"Santa Fe Springs, CA",58147,7503
16000US0669182,"Santa Margarita, CA",50083,39881
16000US0669196,"Santa Maria, CA",51939,2340
16000US0670000,"Santa Monica, CA",82123,4472
16000US0670028,"Santa Nella, CA",27778,8115
16000US0670042,"Santa Paula, CA",51549,4367
16000US0670098,"Santa Rosa, CA",62705,1648
16000US0670130,"Santa Rosa Valley, CA",178400,18034
16000US0670140,"Santa Susana, CA",89010,32139
16000US0670154,"Santa Venetia, CA",86486,8504
16000US0670182,"Santa Ynez, CA",98036,12665
16000US0670224,"Santee, CA",77460,3325
16000US0670266,"Saranap, CA",118906,9619
16000US0670280,"Saratoga, CA",169579,8349
16000US0670322,"Saticoy, CA",60361,7111
16000US0670336,"Sattley, CA",0,0
16000US0670364,"Sausalito, CA",116325,21624
16000US0670518,"Scotia, CA",44063,15312
16000US0670588,"Scotts Valley, CA",104150,6421
16000US0670644,"Seacliff, CA",65196,3227
16000US0670686,"Seal Beach, CA",60222,4847
16000US0670712,"Sea Ranch, CA",77759,15107
16000US0670728,"Searles Valley, CA",37344,10140
16000US0670742,"Seaside, CA",53406,4113
16000US0670770,"Sebastopol, CA",58036,13275
16000US0670798,"Seeley, CA",24083,5748
16000US0670882,"Selma, CA",41086,2751
16000US0670966,"Sequoia Crest, CA",0,0
16000US0671000,"Sereno del Mar, CA",0,0
16000US0671078,"Seville, CA",23000,8973
16000US0671106,"Shafter, CA",41085,2946
16000US0671134,"Shandon, CA",58750,13487
16000US0671218,"Shasta, CA",56689,9162
16000US0671225,"Shasta Lake, CA",46150,3981
16000US0671246,"Shaver Lake, CA",68333,25218
16000US0671362,"Shell Ridge, CA",153333,100391
16000US0671372,"Shelter Cove, CA",0,0
16000US0671414,"Sheridan, CA",52292,34264
16000US0671554,"Shingle Springs, CA",80000,6778
16000US0671568,"Shingletown, CA",40441,8793
16000US0671680,"Shoshone, CA",0,0
16000US0671774,"Sierra Brooks, CA",48935,36413
16000US0671778,"Sierra City, CA",169000,31661
16000US0671806,"Sierra Madre, CA",95256,8174
16000US0671834,"Sierra Village, CA",44828,17861
16000US0671848,"Sierraville, CA",0,0
16000US0671876,"Signal Hill, CA",70286,7918
16000US0671927,"Silverado Resort, CA",170161,14914
16000US0671932,"Silver City, CA",0,0
16000US0671964,"Silver Lakes, CA",72591,18812
16000US0672016,"Simi Valley, CA",91196,1867
16000US0672086,"Sisquoc, CA",46563,20752
16000US0672156,"Sky Valley, CA",39183,13036
16000US0672184,"Sleepy Hollow, CA",208452,77110
16000US0672282,"Smartsville, CA",25227,3485
16000US0672338,"Smith Corner, CA",40921,5316
16000US0672380,"Smith River, CA",43707,19493
16000US0672408,"Snelling, CA",49844,26794
16000US0672478,"Soda Bay, CA",59635,31215
16000US0672492,"Soda Springs, CA",0,0
16000US0672506,"Solana Beach, CA",100352,10978
16000US0672520,"Soledad, CA",54878,10775
16000US0672576,"Solvang, CA",69261,5289
16000US0672646,"Sonoma, CA",71209,5562
16000US0672674,"Sonora, CA",37589,6669
16000US0672688,"Soquel, CA",77652,10242
16000US0672772,"Soulsbyville, CA",68304,17382
16000US0672954,"South Dos Palos, CA",41992,9160
16000US0672996,"South El Monte, CA",42460,2995
16000US0673080,"South Gate, CA",45522,1729
16000US0673108,"South Lake Tahoe, CA",42401,3579
16000US0673167,"South Monrovia Island, CA",58507,4643
16000US0673178,"South Oroville, CA",35958,7475
16000US0673220,"South Pasadena, CA",84593,6690
16000US0673262,"South San Francisco, CA",85076,4230
16000US0673276,"South San Gabriel, CA",64028,14383
16000US0673290,"South San Jose Hills, CA",55692,5293
16000US0673388,"South Taft, CA",40625,10093
16000US0673430,"South Whittier, CA",62799,1803
16000US0673554,"Spaulding, CA",46071,25819
16000US0673612,"Spreckels, CA",89250,27232
16000US0673654,"Spring Garden, CA",0,0
16000US0673690,"Spring Valley, CA",26833,6438
16000US0673696,"Spring Valley, CA",60600,2225
16000US0673700,"Spring Valley Lake, CA",77529,13680
16000US0673710,"Springville, CA",29423,10955
16000US0673794,"Squaw Valley, CA",64591,6785
16000US0673815,"Squirrel Mountain Valley, CA",49808,33244
16000US0673868,"Stallion Springs, CA",68225,13135
16000US0673906,"Stanford, CA",52208,14238
16000US0673962,"Stanton, CA",48332,2282
16000US0674130,"Stevenson Ranch, CA",121802,10716
16000US0674144,"Stevinson, CA",0,0
16000US0674172,"Stinson Beach, CA",109559,28737
16000US0674186,"Stirling City, CA",0,0
16000US0675000,"Stockton, CA",46033,1142
16000US0675154,"Stonyford, CA",40156,19734
16000US0675168,"Storrie, CA",0,0
16000US0675252,"Stratford, CA",24167,12988
16000US0675280,"Strathmore, CA",25288,4622
16000US0675315,"Strawberry, CA",94650,18588
16000US0675322,"Strawberry, CA",0,0
16000US0675588,"Sugarloaf Mountain Park, CA",0,0
16000US0675592,"Sugarloaf Saw Mill, CA",0,0
16000US0675596,"Sugarloaf Village, CA",0,0
16000US0675630,"Suisun City, CA",71563,4724
16000US0675672,"Sultana, CA",25486,10427
16000US0675714,"Summerland, CA",72071,14805
16000US0675994,"Sunnyside, CA",66591,17154
16000US0676015,"Sunnyside-Tahoe City, CA",70347,23906
16000US0676040,"Sunny Slopes, CA",60577,16806
16000US0677000,"Sunnyvale, CA",109799,3401
16000US0677042,"Sunol, CA",90682,23805
16000US0677308,"Sun Village, CA",44151,9997
16000US0677364,"Susanville, CA",46863,5360
16000US0677378,"Sutter, CA",76618,17195
16000US0677392,"Sutter Creek, CA",48814,8440
16000US0677430,"Swall Meadows, CA",91250,58405
16000US0677574,"Taft, CA",49844,7210
16000US0677588,"Taft Heights, CA",43945,31197
16000US0677595,"Taft Mosswood, CA",31563,23927
16000US0677700,"Tahoe Vista, CA",52500,15041
16000US0677728,"Tahoma, CA",52981,17563
16000US0677784,"Talmage, CA",69375,23814
16000US0677805,"Tamalpais-Homestead Valley, CA",142688,11163
16000US0677924,"Tara Hills, CA",63125,14963
16000US0677960,"Tarpey Village, CA",52632,13715
16000US0678008,"Taylorsville, CA",95417,46207
16000US0678050,"Tecopa, CA",0,0
16000US0678092,"Tehachapi, CA",42961,8258
16000US0678106,"Tehama, CA",45000,14850
16000US0678120,"Temecula, CA",83840,3446
16000US0678126,"Temelec, CA",40391,12383
16000US0678138,"Temescal Valley, CA",90332,6741
16000US0678148,"Temple City, CA",63756,4617
16000US0678162,"Templeton, CA",65865,6062
16000US0678176,"Tennant, CA",0,0
16000US0678232,"Terminous, CA",44808,16069
16000US0678288,"Terra Bella, CA",32700,13500
16000US0678336,"Teviston, CA",25429,6948
16000US0678456,"Thermal, CA",28443,6067
16000US0678470,"Thermalito, CA",32250,4880
16000US0678568,"Thornton, CA",34531,5648
16000US0678582,"Thousand Oaks, CA",101045,1711
16000US0678596,"Thousand Palms, CA",43207,5707
16000US0678638,"Three Rivers, CA",58750,9993
16000US0678652,"Three Rocks, CA",35789,30300
16000US0678666,"Tiburon, CA",149510,12803
16000US0678715,"Timber Cove, CA",52292,13712
16000US0678750,"Tipton, CA",32895,5069
16000US0678792,"Tobin, CA",0,0
16000US0678890,"Tomales, CA",101488,70728
16000US0678932,"Tonyville, CA",48281,45758
16000US0678949,"Tooleville, CA",28527,12575
16000US0678960,"Topanga, CA",118561,9434
16000US0679030,"Topaz, CA",0,0
16000US0679529,"Toro Canyon, CA",91125,40429
16000US0680000,"Torrance, CA",80862,2105
16000US0680238,"Tracy, CA",81022,2995
16000US0680266,"Tranquillity, CA",30441,10031
16000US0680280,"Traver, CA",31094,11174
16000US0680364,"Tres Pinos, CA",75313,23898
16000US0680448,"Trinidad, CA",47031,15226
16000US0680476,"Trinity Center, CA",31964,21432
16000US0680483,"Trinity Village, CA",33036,10004
16000US0680515,"Trona, CA",0,0
16000US0680560,"Trowbridge, CA",65938,39952
16000US0680588,"Truckee, CA",79971,10320
16000US0680644,"Tulare, CA",47196,1979
16000US0680686,"Tulelake, CA",31094,5099
16000US0680763,"Tuolumne City, CA",25188,14781
16000US0680784,"Tupman, CA",35833,24941
16000US0680812,"Turlock, CA",51555,1736
16000US0680854,"Tustin, CA",70822,3034
16000US0680882,"Tuttle, CA",0,0
16000US0680896,"Tuttletown, CA",0,0
16000US0680952,"Twain, CA",0,0
16000US0680966,"Twain Harte, CA",48603,8215
16000US0680994,"Twentynine Palms, CA",40888,2831
16000US0681050,"Twin Lakes, CA",51446,12761
16000US0681134,"Ukiah, CA",38686,5579
16000US0681204,"Union City, CA",91629,2939
16000US0681302,"University of California-Davis, CA",19677,15465
16000US0681312,"University of California-Merced, CA",0,0
16000US0681344,"Upland, CA",62369,1901
16000US0681358,"Upper Lake, CA",38125,23900
16000US0681554,"Vacaville, CA",76188,2100
16000US0681638,"Valinda, CA",68659,4914
16000US0681652,"Vallecito, CA",0,0
16000US0681666,"Vallejo, CA",59600,1917
16000US0681708,"Valle Vista, CA",42305,2539
16000US0681722,"Valley Acres, CA",44583,19482
16000US0681736,"Valley Center, CA",83730,5658
16000US0681778,"Valley Ford, CA",0,0
16000US0681792,"Valley Home, CA",49375,47375
16000US0681869,"Valley Ranch, CA",0,0
16000US0681890,"Valley Springs, CA",61976,16085
16000US0681925,"Valley Wells, CA",0,0
16000US0681967,"Val Verde, CA",73220,7841
16000US0682072,"Vandenberg AFB, CA",62018,5570
16000US0682086,"Vandenberg Village, CA",77406,8150
16000US0682334,"Verdi, CA",0,0
16000US0682422,"Vernon, CA",38333,32810
16000US0682562,"Victor, CA",0,0
16000US0682590,"Victorville, CA",45895,2862
16000US0682667,"View Park-Windsor Hills, CA",86571,11920
16000US0682744,"Villa Park, CA",131386,13226
16000US0682786,"Vina, CA",30357,13743
16000US0682815,"Vincent, CA",77817,7539
16000US0682842,"Vine Hill, CA",71786,13823
16000US0682852,"Vineyard, CA",80678,3518
16000US0682954,"Visalia, CA",52099,2409
16000US0682996,"Vista, CA",54203,2014
16000US0683085,"Vista Santa Rosa, CA",48125,20503
16000US0683094,"Volcano, CA",0,0
16000US0683108,"Volta, CA",87762,45989
16000US0683262,"Walker, CA",45119,21564
16000US0683304,"Wallace, CA",119196,60128
16000US0683332,"Walnut, CA",97345,4860
16000US0683346,"Walnut Creek, CA",82848,3847
16000US0683374,"Walnut Grove, CA",53634,21425
16000US0683402,"Walnut Park, CA",43500,3915
16000US0683460,"Warm Springs, CA",63565,28575
16000US0683494,"Warner Valley, CA",0,0
16000US0683542,"Wasco, CA",39559,3762
16000US0683570,"Washington, CA",0,0
16000US0683612,"Waterford, CA",49500,7444
16000US0683626,"Waterloo, CA",110774,20587
16000US0683668,"Watsonville, CA",49487,2763
16000US0683724,"Waukena, CA",0,0
16000US0683766,"Wawona, CA",34886,26236
16000US0683794,"Weaverville, CA",37500,11222
16000US0683850,"Weed, CA",29427,4703
16000US0683863,"Weedpatch, CA",28451,2508
16000US0683948,"Weldon, CA",33333,9416
16000US0684004,"Weott, CA",32386,30929
16000US0684116,"West Athens, CA",40756,6713
16000US0684120,"West Bishop, CA",89917,11642
16000US0684144,"West Carson, CA",67562,5374
16000US0684200,"West Covina, CA",71217,2323
16000US0684345,"West Goshen, CA",25335,6897
16000US0684385,"Westhaven-Moonstone, CA",54138,7074
16000US0684410,"West Hollywood, CA",61127,5172
16000US0684438,"Westlake Village, CA",130272,12012
16000US0684480,"Westley, CA",23375,9837
16000US0684536,"West Menlo Park, CA",180192,35013
16000US0684550,"Westminster, CA",55287,2427
16000US0684578,"West Modesto, CA",30682,4812
16000US0684592,"Westmont, CA",29262,2963
16000US0684606,"Westmorland, CA",27083,14250
16000US0684680,"West Park, CA",45526,6010
16000US0684732,"West Point, CA",24922,8115
16000US0684774,"West Puente Valley, CA",66532,5965
16000US0684780,"West Rancho Dominguez, CA",52676,4657
16000US0684816,"West Sacramento, CA",57023,2692
16000US0684921,"West Whittier-Los Nietos, CA",64943,5372
16000US0684928,"Westwood, CA",34750,12073
16000US0685012,"Wheatland, CA",65696,5192
16000US0685086,"Whitehawk, CA",77188,25182
16000US0685208,"Whitewater, CA",35145,10041
16000US0685222,"Whitley Gardens, CA",88083,24641
16000US0685292,"Whittier, CA",67431,2321
16000US0685446,"Wildomar, CA",62976,3198
16000US0685551,"Wilkerson, CA",75875,5264
16000US0685586,"Williams, CA",55900,4708
16000US0685600,"Willits, CA",29489,8479
16000US0685614,"Willowbrook, CA",38070,4607
16000US0685642,"Willow Creek, CA",31620,19887
16000US0685684,"Willows, CA",39038,13378
16000US0685866,"Wilsonia, CA",0,0
16000US0685880,"Wilton, CA",86856,13506
16000US0685894,"Winchester, CA",37740,17639
16000US0685922,"Windsor, CA",86192,4345
16000US0685992,"Winter Gardens, CA",61208,3111
16000US0686020,"Winterhaven, CA",22835,2317
16000US0686034,"Winters, CA",67229,13616
16000US0686076,"Winton, CA",41486,2960
16000US0686174,"Wofford Heights, CA",34167,21901
16000US0686216,"Woodacre, CA",90824,46055
16000US0686230,"Woodbridge, CA",75466,11516
16000US0686244,"Woodcrest, CA",88133,6952
16000US0686300,"Woodlake, CA",34583,7504
16000US0686328,"Woodland, CA",56956,2585
16000US0686380,"Woodlands, CA",140188,27721
16000US0686440,"Woodside, CA",223934,27203
16000US0686482,"Woodville, CA",31375,6439
16000US0686594,"Wrightwood, CA",60272,16192
16000US0686678,"Yankee Hill, CA",43333,16232
16000US0686734,"Yettem, CA",0,0
16000US0686804,"Yolo, CA",75792,11754
16000US0686832,"Yorba Linda, CA",119697,4478
16000US0686878,"Yosemite Lakes, CA",58430,3224
16000US0686912,"Yosemite Valley, CA",37132,11239
16000US0686930,"Yountville, CA",72194,6122
16000US0686944,"Yreka, CA",30202,4510
16000US0686972,"Yuba City, CA",50788,2053
16000US0687042,"Yucaipa, CA",55700,3879
16000US0687056,"Yucca Valley, CA",41569,4511
16000US0687090,"Zayante, CA",94432,13401